,Image,F1,Jaccard,Recall,Precision,Accuracy
0,243.png,0.9555661729574773,0.9149130832570905,0.983284169124877,0.929368029739777,0.9985809326171875
1,2252.png,0.8515625,0.7414965986394558,0.7512060647829083,0.9828674481514879,0.99420166015625
2,448.png,0.7670527670527671,0.6221294363256785,0.6300211416490487,0.9802631578947368,0.9972381591796875
3,647.png,0.8199697428139183,0.6948717948717948,0.7832369942196532,0.8603174603174604,0.9945526123046875
4,1737.png,0.9256619144602851,0.861611374407583,0.9126506024096386,0.9390495867768595,0.997772216796875
5,1264.png,0.9347536617842876,0.8775,0.9777158774373259,0.8954081632653061,0.9992523193359375
6,2205.png,0.6787252368647717,0.5136897001303781,0.6735042735042736,0.6840277777777778,0.9943084716796875
7,1506.png,0.9095200629425649,0.834054834054834,0.9160063391442155,0.903125,0.9982452392578125
8,2847.png,0.828804347826087,0.7076566125290024,0.7345857418111753,0.9507481296758105,0.990386962890625
9,911.png,0.6277372262773724,0.4574468085106383,0.45851755526658,0.994920993227991,0.9680938720703125
10,2921.png,0.8520489622139436,0.742234585071859,0.839098532494759,0.8654054054054054,0.99151611328125
11,1217.png,0.01904761904761905,0.009615384615384616,0.009615384615384616,1.0,0.9952850341796875
12,1643.png,0.8098318240620958,0.6804347826086956,0.6879120879120879,0.9842767295597484,0.9977569580078125
13,624.png,0.0,0.0,0.0,0.0,0.9816436767578125
14,1453.png,0.9071332436069987,0.8300492610837439,0.9970414201183432,0.8320987654320988,0.9989471435546875
15,985.png,0.4687045123726346,0.3060836501901141,0.4170984455958549,0.5348837209302325,0.9944305419921875
16,2081.png,0.1971830985915493,0.109375,0.11336032388663968,0.7567567567567568,0.99652099609375
17,1002.png,0.9464788732394367,0.8983957219251337,0.9385474860335196,0.9545454545454546,0.999420166015625
18,2090.png,0.44948453608247424,0.2898936170212766,0.35130383826545564,0.6238293444328824,0.9551849365234375
19,625.png,0.9488563351323567,0.9026894865525672,0.9089118660758247,0.9924731182795699,0.9969635009765625
20,2445.png,0.36551724137931035,0.22362869198312235,0.22362869198312235,1.0,0.9635009765625
21,1210.png,0.3709949409780775,0.2277432712215321,0.2328042328042328,0.9128630705394191,0.988616943359375
22,2787.png,0.7732318426895021,0.6302998965873836,0.761875,0.784932388924662,0.9890899658203125
23,1531.png,0.43121149897330596,0.27486910994764396,0.2774108322324967,0.967741935483871,0.991546630859375
24,444.png,0.9451476793248944,0.896,0.9004019651630192,0.994573260976813,0.996429443359375
25,2009.png,0.48777348777348767,0.3225531914893617,0.34407625964593735,0.8375690607734807,0.9757080078125
26,1282.png,0.847191011235955,0.7348927875243665,0.7686034658511722,0.9436795994993742,0.995849609375
27,575.png,0.9661903102126177,0.9345920431557654,0.99,0.943498978897209,0.9985198974609375
28,18.png,0.9705583756345177,0.9428007889546351,0.9755102040816327,0.9656565656565657,0.9995574951171875
29,2653.png,0.8971618134906008,0.8135026737967914,0.8151373074346953,0.9975409836065574,0.9957427978515625
30,590.png,0.6715719063545151,0.5055387713997986,0.5060483870967742,0.9980119284294234,0.9925079345703125
31,1948.png,0.0,0.0,0.0,0.0,0.9817047119140625
32,1346.png,0.8608058608058607,0.7556270096463023,0.8867924528301887,0.8362989323843416,0.99884033203125
33,2596.png,0.0,0.0,0.0,0.0,0.950286865234375
34,1442.png,0.8845247446975649,0.7929577464788733,0.9791304347826087,0.8065902578796562,0.9977569580078125
35,2704.png,0.9120559114735003,0.8383297644539615,0.9200940070505288,0.9041570438799076,0.9976959228515625
36,3038.png,0.5927552140504939,0.42121684867394693,0.8411214953271028,0.4576271186440678,0.988677978515625
37,2967.png,0.762277270751847,0.6158707865168539,0.6993620414673046,0.8376313276026743,0.9916534423828125
38,1974.png,0.0,0.0,0.0,0.0,0.996368408203125
39,1656.png,0.7449392712550608,0.5935483870967742,0.968421052631579,0.6052631578947368,0.998077392578125
40,2530.png,0.0,0.0,0.0,0.0,0.99139404296875
41,2195.png,0.7298082510168507,0.5745654162854529,0.9646697388632872,0.5869158878504673,0.9929046630859375
42,2114.png,0.9298519095869057,0.8689002184996358,0.8990203466465713,0.9628732849071832,0.99725341796875
43,295.png,0.9559559559559558,0.9156279961649089,1.0,0.9156279961649089,0.9986572265625
44,2995.png,0.7533003300330035,0.6042356055592323,0.7557947019867549,0.7508223684210527,0.990875244140625
45,108.png,0.3415589502546024,0.20595181861124232,0.20595181861124232,1.0,0.9743499755859375
46,2225.png,0.5794094173982443,0.40786516853932586,0.4110985277463194,0.981081081081081,0.983917236328125
47,2797.png,0.28493150684931506,0.16613418530351437,0.1883008356545961,0.5852813852813853,0.9482269287109375
48,759.png,0.3050847457627119,0.18,0.2559880239520958,0.37748344370860926,0.976226806640625
49,529.png,0.9672284644194756,0.9365367180417045,0.9503219871205152,0.9847473784556721,0.998931884765625
50,1179.png,0.9455727051177905,0.8967642526964561,0.9165354330708662,0.9765100671140939,0.9989776611328125
51,1367.png,0.6446578631452581,0.47564216120460584,1.0,0.47564216120460584,0.990966796875
52,1851.png,0.10857142857142857,0.05740181268882175,0.05740181268882175,1.0,0.990478515625
53,1020.png,0.949271137026239,0.9034406215316315,0.9975490196078431,0.9054505005561735,0.9986724853515625
54,1693.png,0.7900287631831255,0.652931854199683,1.0,0.652931854199683,0.9966583251953125
55,175.png,0.9413067552602438,0.8891213389121339,0.9953161592505855,0.8928571428571429,0.9991912841796875
56,2394.png,0.024808033077377438,0.012559808612440191,0.012559808612440191,1.0,0.9748077392578125
57,2694.png,0.6750666343590986,0.5095098756400878,0.8452669902912622,0.5619201290843082,0.9795379638671875
58,2220.png,0.0,0.0,0.0,0.0,0.96124267578125
59,2367.png,0.5324840764331211,0.3628472222222222,0.36744022503516177,0.9666975023126735,0.9720001220703125
60,567.png,0.9373805985990236,0.8821414302836597,0.887459807073955,0.9932523616734144,0.9954986572265625
61,483.png,0.9490790899241605,0.9030927835051547,0.9439655172413793,0.954248366013072,0.998565673828125
62,905.png,0.9525669642857142,0.9094299413958444,0.9232017306652245,0.9838616714697407,0.997406005859375
63,553.png,0.8923573735199138,0.8056365403304179,0.8175542406311637,0.9822274881516587,0.9969482421875
64,875.png,0.8181296615031555,0.6922330097087379,0.6956097560975609,0.9930362116991643,0.9951629638671875
65,181.png,0.9761513157894738,0.9534136546184739,0.9850622406639005,0.967400162999185,0.999114990234375
66,1277.png,0.9643779039752195,0.9312063808574277,0.9708939708939709,0.9579487179487179,0.9989471435546875
67,688.png,0.0,0.0,0.0,0.0,0.9912567138671875
68,2237.png,0.6687797147385103,0.5023809523809524,0.5171568627450981,0.9461883408071748,0.9968109130859375
69,1345.png,0.9331651954602773,0.8747044917257684,0.8894230769230769,0.9814323607427056,0.9991912841796875
70,2877.png,0.1430793157076205,0.07705192629815745,0.07705192629815745,1.0,0.983184814453125
71,1006.png,0.8193548387096774,0.6939890710382514,0.9621212121212122,0.7134831460674157,0.9974365234375
72,347.png,0.9340016708437762,0.8761755485893417,0.8958333333333334,0.9755671902268761,0.997589111328125
73,1873.png,0.8605291005291006,0.7552005943536404,0.7753623188405797,0.9667142177841179,0.9899444580078125
74,491.png,0.9846153846153847,0.9696969696969697,0.9781659388646288,0.9911504424778761,0.99957275390625
75,2412.png,0.7840842598010531,0.6448508180943214,0.6448508180943214,1.0,0.9943695068359375
76,2946.png,0.9422694094226942,0.890840652446675,0.9441489361702128,0.9403973509933775,0.997344970703125
77,297.png,0.0149812734082397,0.007547169811320755,0.007547169811320755,1.0,0.9959869384765625
78,51.png,0.9438058748403576,0.8935912938331319,0.9939475453934096,0.8984802431610942,0.997314453125
79,2153.png,0.0,0.0,0.0,0.0,0.9824371337890625
80,2972.png,0.6412078152753108,0.4718954248366013,0.49519890260631,0.9093198992443325,0.99383544921875
81,1302.png,0.8620689655172413,0.7575757575757576,1.0,0.7575757575757576,0.998779296875
82,1401.png,0.0,0.0,0.0,0.0,0.9917144775390625
83,1460.png,0.47267759562841527,0.3094812164579606,0.3117117117117117,0.9774011299435028,0.994110107421875
84,57.png,0.8695652173913042,0.7692307692307693,0.8118081180811808,0.9361702127659575,0.998992919921875
85,3034.png,0.7356482777933352,0.5818383167220377,0.6188457008244994,0.9068001380738695,0.97119140625
86,3014.png,0.0,0.0,0.0,0.0,0.980316162109375
87,1535.png,0.9272300469483568,0.8643326039387309,0.9587378640776699,0.8977272727272727,0.999053955078125
88,1976.png,0.0,0.0,0.0,0.0,0.988677978515625
89,1390.png,0.9320113314447592,0.8726790450928382,0.8855989232839838,0.9835575485799701,0.99853515625
90,1067.png,0.0,0.0,0.0,0.0,0.9927520751953125
91,2944.png,0.5542337298810357,0.38334946757018395,0.38634146341463416,0.9801980198019802,0.9902801513671875
92,2691.png,0.9159309021113243,0.8449008498583569,0.9966583124477861,0.8473011363636364,0.9966583251953125
93,753.png,0.9342214820982514,0.8765625,0.9672413793103448,0.9033816425120773,0.9987945556640625
94,2020.png,0.6788154897494306,0.5137931034482759,0.6286919831223629,0.7376237623762376,0.9849395751953125
95,1724.png,0.9236363636363636,0.8581081081081081,0.951310861423221,0.8975265017667845,0.999359130859375
96,2648.png,0.0,0.0,0.0,0.0,0.9950408935546875
97,1357.png,0.9559533958510941,0.9156232988568318,0.9982195845697329,0.9171210468920392,0.9976348876953125
98,1176.png,0.08943089430894309,0.04680851063829787,0.04680851063829787,1.0,0.99658203125
99,1083.png,0.019455252918287935,0.009823182711198428,0.009823182711198428,1.0,0.9923095703125
100,2443.png,0.0,0.0,0.0,0.0,0.9712982177734375
101,458.png,0.9748816891153986,0.9509943181818182,0.9802342606149341,0.9695872556118754,0.9989471435546875
102,1533.png,0.7674858223062382,0.6226993865030674,0.6904761904761905,0.8638297872340426,0.9981231689453125
103,2892.png,0.9429657794676807,0.8920863309352518,0.96875,0.9185185185185185,0.9981689453125
104,2642.png,0.0,0.0,0.0,0.0,0.996246337890625
105,870.png,0.9412844036697248,0.8890814558058926,0.9884393063583815,0.8984238178633975,0.9990234375
106,852.png,0.9698492462311556,0.9414634146341463,0.9796954314720813,0.9601990049751243,0.9996337890625
107,1845.png,0.937046004842615,0.8815489749430524,0.9508599508599509,0.9236276849642004,0.9984130859375
108,344.png,0.9529130087789306,0.9100609756097561,0.9372056514913658,0.9691558441558441,0.998199462890625
109,1402.png,0.9186206896551724,0.8494897959183674,0.8494897959183674,1.0,0.9990997314453125
110,1772.png,0.14814814814814814,0.08,0.08,1.0,0.996490478515625
111,254.png,0.9730458221024259,0.94750656167979,0.9730458221024259,0.9730458221024259,0.99969482421875
112,1495.png,0.9248484848484849,0.8602029312288614,0.8955399061032864,0.956140350877193,0.99810791015625
113,2745.png,0.4679746105020196,0.3054613935969868,0.3113243761996161,0.9419279907084785,0.97186279296875
114,1631.png,0.9515331355093967,0.9075471698113208,0.9979253112033195,0.9092627599243857,0.998504638671875
115,333.png,0.9605488850771869,0.9240924092409241,0.9621993127147767,0.958904109589041,0.9996490478515625
116,2457.png,0.3607159247361175,0.2200447928331467,0.2202914798206278,0.9949367088607595,0.957489013671875
117,1133.png,0.7771317829457364,0.6354992076069731,0.6354992076069731,1.0,0.996490478515625
118,509.png,0.9197080291970803,0.8513513513513513,0.9742268041237113,0.8709677419354839,0.99798583984375
119,2382.png,0.5298850574712644,0.3604378420641126,0.3969575200918484,0.7966589861751152,0.962554931640625
120,2321.png,0.0,0.0,0.0,0.0,0.9951629638671875
121,678.png,0.9500203169443316,0.9047987616099071,0.912568306010929,0.9906779661016949,0.9981231689453125
122,1373.png,0.7945516458569807,0.6591337099811676,1.0,0.6591337099811676,0.9972381591796875
123,69.png,0.0029585798816568047,0.0014814814814814814,0.0014814814814814814,1.0,0.989715576171875
124,2826.png,0.9322210636079249,0.873046875,0.9103869653767821,0.9551282051282052,0.9990081787109375
125,986.png,0.8280254777070063,0.7065217391304348,0.7090909090909091,0.9948979591836735,0.9987640380859375
126,1649.png,0.9532710280373832,0.9107142857142857,0.9550561797752809,0.9514925373134329,0.999237060546875
127,96.png,0.9090909090909091,0.8333333333333334,0.9863945578231292,0.8430232558139535,0.9986724853515625
128,1276.png,0.9701327433628318,0.9419978517722879,0.9932049830124575,0.9481081081081081,0.999176025390625
129,58.png,0.0,0.0,0.0,0.0,0.996490478515625
130,910.png,0.7227353114560817,0.5658461538461539,0.5704094292803971,0.986058981233244,0.9784698486328125
131,1409.png,0.0,0.0,0.0,0.0,0.99713134765625
132,2462.png,0.13967310549777118,0.07507987220447285,0.1649122807017544,0.1211340206185567,0.982330322265625
133,1835.png,0.9053420805998125,0.827054794520548,0.8444055944055944,0.9757575757575757,0.9984588623046875
134,1748.png,0.9034090909090909,0.8238341968911918,1.0,0.8238341968911918,0.999481201171875
135,2447.png,0.7483210745123121,0.5978538579458355,0.5978538579458355,1.0,0.9879913330078125
136,1973.png,0.611764705882353,0.4406779661016949,0.4626334519572954,0.9027777777777778,0.994964599609375
137,1902.png,0.5860238832375054,0.4144510478573663,0.5936379928315412,0.5786026200873362,0.971435546875
138,409.png,0.9700996677740864,0.9419354838709677,0.9684908789386402,0.9717138103161398,0.9989013671875
139,3037.png,0.8958333333333333,0.8113207547169812,0.9825268817204301,0.8231981981981982,0.997406005859375
140,830.png,0.9420783645655877,0.8904991948470209,0.9178423236514522,0.9676290463692039,0.9979248046875
141,454.png,0.9484536082474226,0.9019607843137255,0.9639115250291036,0.9334836527621195,0.998626708984375
142,2402.png,0.0,0.0,0.0,0.0,0.986724853515625
143,2265.png,0.6750837413037877,0.5095293660054454,0.5998168498168498,0.7719505008839128,0.9807586669921875
144,2913.png,0.0,0.0,0.0,0.0,0.9925384521484375
145,684.png,0.9521462312589855,0.9086632693061545,0.9165678133649664,0.9905982905982906,0.9964447021484375
146,2624.png,0.6666666666666667,0.5,0.525974025974026,0.9101123595505618,0.99505615234375
147,627.png,0.68366124893071,0.5193657395373018,0.5280126849894292,0.9694323144104804,0.9717864990234375
148,313.png,0.9679690249912003,0.9379263301500682,0.960195530726257,0.9758694109297374,0.9986114501953125
149,2925.png,0.0,0.0,0.0,0.0,0.9963531494140625
150,1583.png,0.7954954954954956,0.6604338070306657,0.6634109691960932,0.9932508436445444,0.993072509765625
151,496.png,0.9577689243027888,0.918960244648318,0.9554848966613673,0.9600638977635783,0.9991912841796875
152,1178.png,0.9526542324246772,0.9095890410958904,0.972181551976574,0.9338959212376934,0.998992919921875
153,903.png,0.0,0.0,0.0,0.0,0.9505615234375
154,1813.png,0.459119496855346,0.2979591836734694,0.3067226890756303,0.9125,0.99737548828125
155,2522.png,0.6765039727582293,0.5111492281303602,0.9071537290715372,0.539366515837104,0.991302490234375
156,435.png,0.920611798980335,0.8529014844804319,0.9984202211690363,0.8540540540540541,0.9983367919921875
157,84.png,0.8036869974504804,0.6718032786885246,0.6773553719008264,0.9879459980713597,0.9847259521484375
158,1503.png,0.9424528301886792,0.8911685994647636,0.9224376731301939,0.9633558341369335,0.998138427734375
159,1986.png,0.6924242424242425,0.52954808806489,0.5889175257731959,0.8400735294117647,0.993804931640625
160,1488.png,0.0,0.0,0.0,0.0,0.9968109130859375
161,937.png,0.9597113650030067,0.922543352601156,0.9937733499377335,0.9279069767441861,0.9989776611328125
162,2320.png,0.0,0.0,0.0,0.0,0.978973388671875
163,50.png,0.9260213470739787,0.86223440712817,0.989771833202203,0.8699861687413555,0.9969329833984375
164,664.png,0.963991769547325,0.9304865938430983,0.9780793319415448,0.9503042596348884,0.998931884765625
165,1588.png,0.47045871559633023,0.30758157389635316,0.30802498798654493,0.9953416149068323,0.9779815673828125
166,2133.png,0.87321505841627,0.7749615975422427,0.9218821379625399,0.8294286888614879,0.991058349609375
167,3018.png,0.7124511446119486,0.5533391153512576,0.5813211845102506,0.9199711607786589,0.984283447265625
168,476.png,0.9113924050632912,0.8372093023255814,0.9818181818181818,0.8503937007874016,0.999359130859375
169,597.png,0.0,0.0,0.0,0.0,0.996673583984375
170,230.png,0.9247606019151846,0.8600508905852418,0.8825065274151436,0.9712643678160919,0.9991607666015625
171,609.png,0.8765294771968855,0.7801980198019802,0.7908999665439946,0.982952182952183,0.989837646484375
172,282.png,0.9290495314591699,0.8675,0.9914285714285714,0.8740554156171285,0.9991912841796875
173,2870.png,0.7463902258422807,0.5953927938570585,0.5960969840331165,0.998019801980198,0.979095458984375
174,686.png,0.7952249770431588,0.6600609756097561,0.6702786377708978,0.9774266365688488,0.9965972900390625
175,2264.png,0.9249343832020998,0.8603515625,0.8939624556062912,0.9581294181620446,0.995635986328125
176,1960.png,0.0,0.0,0.0,0.0,0.9810943603515625
177,1646.png,0.8857677902621722,0.7949579831932773,0.8312829525483304,0.9478957915831663,0.998138427734375
178,794.png,0.43304306895740174,0.2763592670471613,0.2763592670471613,1.0,0.9632415771484375
179,2661.png,0.41028638223261255,0.2580882352941177,0.2580882352941177,1.0,0.9846038818359375
180,1324.png,0.9078947368421053,0.8313253012048193,0.8961038961038961,0.92,0.999359130859375
181,2505.png,0.31539424280350437,0.18722139673105498,0.5556780595369349,0.22018348623853212,0.96661376953125
182,1659.png,0.4712041884816754,0.3082191780821918,0.31690140845070425,0.9183673469387755,0.9984588623046875
183,76.png,0.9778028592927014,0.9565697460434303,0.9840969329799318,0.971588785046729,0.998199462890625
184,2459.png,0.38746438746438744,0.24028268551236748,0.24028268551236748,1.0,0.9639129638671875
185,2907.png,0.0,0.0,0.0,0.0,0.97576904296875
186,2873.png,0.06717557251908396,0.03475513428120063,0.11398963730569948,0.047619047619047616,0.9906768798828125
187,2849.png,0.8776462145676355,0.7819693094629157,0.7864951768488746,0.9926948051948052,0.989593505859375
188,2033.png,0.9057093425605537,0.8276679841897233,0.9858757062146892,0.8376,0.996673583984375
189,507.png,0.9799518845228548,0.960691823899371,0.9765583377730421,0.9833690987124464,0.9988555908203125
190,1515.png,0.770053475935829,0.6260869565217392,0.6297376093294461,0.9908256880733946,0.9980316162109375
191,1498.png,0.31217838765008576,0.18495934959349594,0.18495934959349594,1.0,0.9938812255859375
192,11.png,0.9566037735849057,0.9168173598553345,0.9863813229571985,0.9285714285714286,0.997894287109375
193,2955.png,0.0,0.0,0.0,0.0,0.989990234375
194,669.png,0.9648106904231626,0.9320137693631669,0.9990774907749077,0.9328165374677002,0.9987945556640625
195,2210.png,0.6649404453650959,0.49806051202482543,0.5255832992222677,0.904862579281184,0.980255126953125
196,1714.png,0.0,0.0,0.0,0.0,0.9959259033203125
197,1653.png,0.0,0.0,0.0,0.0,0.997314453125
198,1600.png,0.8567901234567902,0.7494600431965442,0.8463414634146341,0.8675,0.99822998046875
199,2604.png,0.5962190984003878,0.42472375690607733,0.615,0.5785512699905927,0.974578857421875
200,1340.png,0.7263157894736842,0.5702479338842975,0.5726141078838174,0.9928057553956835,0.996826171875
201,1138.png,0.0,0.0,0.0,0.0,0.9951324462890625
202,769.png,0.8691358024691358,0.7685589519650655,0.8529886914378029,0.8859060402684564,0.995147705078125
203,2314.png,0.9434214931369267,0.8929024081115335,0.8929024081115335,1.0,0.9974212646484375
204,2059.png,0.0,0.0,0.0,0.0,0.9931488037109375
205,1832.png,0.9667896678966789,0.9357142857142857,0.9913513513513513,0.9434156378600823,0.9990386962890625
206,1598.png,0.8828250401284109,0.7902298850574713,1.0,0.7902298850574713,0.9988861083984375
207,2817.png,0.0,0.0,0.0,0.0,0.9882354736328125
208,1191.png,0.8558558558558558,0.7480314960629921,0.967741935483871,0.7671601615074024,0.9970703125
209,1446.png,0.9005328596802842,0.8190630048465266,1.0,0.8190630048465266,0.998291015625
210,538.png,0.9271414506071546,0.864178647904558,0.878147342244327,0.9819256169621133,0.99322509765625
211,2676.png,0.5956521739130435,0.4241486068111455,0.44365284974093266,0.906084656084656,0.985809326171875
212,791.png,0.4210526315789474,0.26666666666666666,0.26666666666666666,1.0,0.9823760986328125
213,55.png,0.8759342301943198,0.7792553191489362,0.8851963746223565,0.8668639053254438,0.9987335205078125
214,947.png,0.8913043478260869,0.803921568627451,0.877431906614786,0.9056224899598394,0.998321533203125
215,1811.png,0.47037037037037044,0.3075060532687651,0.3198992443324937,0.8881118881118881,0.995635986328125
216,1821.png,0.7878787878787878,0.65,0.7482014388489209,0.832,0.998291015625
217,3022.png,0.8550724637681159,0.7468354430379747,0.8368794326241135,0.8740740740740741,0.9981689453125
218,1752.png,0.8786324786324785,0.7835365853658537,0.969811320754717,0.803125,0.9989166259765625
219,1267.png,0.6865671641791045,0.5227272727272727,0.8984375,0.5555555555555556,0.9983978271484375
220,2307.png,0.8679631525076765,0.7667269439421338,0.8617886178861789,0.8742268041237113,0.9980316162109375
221,3002.png,0.018583042973286876,0.009378663540445486,0.009415457041977247,0.7058823529411765,0.9613189697265625
222,1137.png,0.9252336448598131,0.8608695652173913,0.873015873015873,0.9840954274353877,0.998779296875
223,2070.png,0.8497008095740937,0.7386780905752754,0.9710378117457763,0.7553191489361702,0.9934844970703125
224,441.png,0.9329983249581241,0.8744113029827315,0.9408783783783784,0.925249169435216,0.996337890625
225,399.png,0.974914481185861,0.9510567296996663,0.9553072625698324,0.9953434225844005,0.9986572265625
226,2386.png,0.8690095846645367,0.768361581920904,0.7826471890216911,0.9767955801104973,0.9918670654296875
227,2518.png,0.0,0.0,0.0,0.0,0.98651123046875
228,329.png,0.8896341463414634,0.8012081274025261,0.8029719317556412,0.9972658920027341,0.994476318359375
229,300.png,0.9622183708838822,0.927187708750835,0.9406980684513724,0.9847463639588506,0.996673583984375
230,2369.png,0.6420866836634634,0.47284806470248414,0.47284806470248414,1.0,0.9721527099609375
231,1852.png,0.7836257309941521,0.6442307692307693,0.6442307692307693,1.0,0.998870849609375
232,2023.png,0.0,0.0,0.0,0.0,0.985992431640625
233,755.png,0.93930799773114,0.8855614973262033,0.8951351351351351,0.9880668257756563,0.9983673095703125
234,146.png,0.9413983173774296,0.8892847355439847,0.9049079754601227,0.9809552599758162,0.99383544921875
235,1818.png,0.638680659670165,0.46916299559471364,0.494199535962877,0.902542372881356,0.9963226318359375
236,2682.png,0.0,0.0,0.0,0.0,0.992218017578125
237,953.png,0.9333333333333333,0.875,0.963302752293578,0.9051724137931034,0.999542236328125
238,2974.png,0.0,0.0,0.0,0.0,0.9956512451171875
239,231.png,0.8979591836734693,0.8148148148148148,0.8695652173913043,0.9282700421940928,0.9969482421875
240,2509.png,0.14018691588785046,0.07537688442211055,0.07537688442211055,1.0,0.9803466796875
241,2589.png,0.0,0.0,0.0,0.0,0.99127197265625
242,1341.png,0.8270531400966183,0.7051070840197694,0.7328767123287672,0.9490022172949002,0.9972686767578125
243,1483.png,0.7018779342723004,0.5406871609403255,0.5652173913043478,0.9256965944272446,0.996124267578125
244,1603.png,0.9433628318584071,0.8927973199329984,0.9744058500914077,0.9142367066895368,0.9990234375
245,1056.png,0.6949236076885165,0.5324773413897281,0.5398162327718223,0.975103734439834,0.9905548095703125
246,2850.png,0.9339661576557985,0.8761130468447541,0.9041150619256891,0.9658557405036279,0.9951171875
247,2616.png,0.0,0.0,0.0,0.0,0.9969329833984375
248,563.png,0.7925328807806534,0.6563598032326071,0.6596045197740112,0.9925611052072264,0.9925384521484375
249,2923.png,0.8572493477450616,0.7501630789302022,0.9778911564625851,0.7631055076310551,0.9941558837890625
250,480.png,0.0,0.0,0.0,0.0,0.992218017578125
251,141.png,0.8319088319088318,0.7121951219512195,0.7312186978297162,0.9647577092511013,0.9972991943359375
252,429.png,0.9460853258321612,0.8976868327402135,0.8992869875222816,0.9980217606330366,0.9982452392578125
253,1019.png,0.9564691656590085,0.9165701042873696,0.9987373737373737,0.9176334106728539,0.9989013671875
254,152.png,0.9180515759312321,0.8485169491525424,0.8706521739130435,0.9709090909090909,0.9978179931640625
255,2557.png,0.8184364654952891,0.6926724137931034,0.9798780487804878,0.7026672496720595,0.9891204833984375
256,498.png,0.0,0.0,0.0,0.0,0.985626220703125
257,2400.png,0.25621890547263687,0.14693295292439373,0.14693295292439373,1.0,0.98175048828125
258,1451.png,0.8189368770764119,0.6933895921237694,1.0,0.6933895921237694,0.996673583984375
259,2346.png,0.7309717568214457,0.5760090531874764,0.694722474977252,0.7712121212121212,0.98284912109375
260,2806.png,0.5993841943209032,0.42794333170493404,0.44992295839753466,0.8975409836065574,0.9821319580078125
261,970.png,0.21608040201005024,0.12112676056338029,0.12112676056338029,1.0,0.9952392578125
262,1219.png,0.8423645320197044,0.7276595744680852,0.7323340471092077,0.991304347826087,0.998046875
263,260.png,0.7303370786516853,0.5752212389380531,0.9285714285714286,0.6018518518518519,0.996337890625
264,1123.png,0.2932917316692668,0.17184643510054845,0.17184643510054845,1.0,0.9930877685546875
265,707.png,0.9687856003645477,0.9394608926204154,0.9499553172475425,0.9883774988377498,0.9979095458984375
266,2198.png,0.866649200943149,0.764678687008784,0.8155818540433925,0.9245388485187256,0.9922332763671875
267,2778.png,0.0,0.0,0.0,0.0,0.963836669921875
268,596.png,0.0,0.0,0.0,0.0,0.9927978515625
269,1987.png,0.7481713688610241,0.5976627712854758,0.7033398821218074,0.7991071428571429,0.9963226318359375
270,1949.png,0.0,0.0,0.0,0.0,0.9783477783203125
271,38.png,0.966319657072872,0.9348341232227488,0.9645476772616137,0.9680981595092024,0.9991607666015625
272,1262.png,0.6173570019723865,0.44650499286733236,1.0,0.44650499286733236,0.99407958984375
273,2736.png,0.5011016682404784,0.3343133137337253,0.3343133137337253,1.0,0.9758148193359375
274,514.png,0.7349228611500702,0.5809312638580931,0.9936788874841972,0.5830860534124629,0.9913482666015625
275,1045.png,0.9463135289906944,0.8980978260869565,0.9270687237026648,0.966374269005848,0.9988555908203125
276,1104.png,0.0,0.0,0.0,0.0,0.9756622314453125
277,1979.png,0.7388088750486571,0.5858024691358025,0.7045285820341499,0.776595744680851,0.9897613525390625
278,499.png,0.9292929292929293,0.8679245283018868,0.8846153846153846,0.9787234042553191,0.9983978271484375
279,2262.png,0.7876230661040788,0.6496519721577726,0.9475465313028765,0.6738868832731648,0.99078369140625
280,374.png,0.9501129131595156,0.9049667579194368,0.9233838786911412,0.9784355179704017,0.9962921142578125
281,2377.png,0.6402974983096688,0.4709099950273496,0.4922037422037422,0.9158607350096711,0.9837646484375
282,989.png,0.25527638190954777,0.14631336405529954,0.3333333333333333,0.20684039087947884,0.9886932373046875
283,455.png,0.8233117483811285,0.699685534591195,0.712,0.9758771929824561,0.9912567138671875
284,2784.png,0.8168038111736683,0.6903367496339677,0.7298761609907121,0.9272369714847591,0.9935455322265625
285,485.png,0.9501084598698482,0.9049586776859504,0.9894578313253012,0.913769123783032,0.9989471435546875
286,1758.png,0.0,0.0,0.0,0.0,0.99786376953125
287,2939.png,0.8761803431307356,0.7796449704142012,0.834980988593156,0.9216564073866816,0.9857940673828125
288,1777.png,0.541847489150651,0.3715986394557823,0.3715986394557823,1.0,0.9887237548828125
289,2912.png,0.05874125874125874,0.03025936599423631,0.03025936599423631,1.0,0.9897308349609375
290,1577.png,0.8931147540983606,0.806872037914692,0.9898255813953488,0.8136200716845878,0.9975128173828125
291,272.png,0.9343575418994414,0.8768020969855832,0.9737991266375546,0.897986577181208,0.99713134765625
292,1248.png,0.798870056497175,0.665098777046096,0.8881909547738693,0.7258726899383984,0.99456787109375
293,2821.png,0.0,0.0,0.0,0.0,0.9550323486328125
294,10.png,0.9537987679671458,0.9116781157998037,0.985153764581124,0.9243781094527364,0.998626708984375
295,2755.png,0.8665568369028007,0.7645348837209303,0.9776951672862454,0.7781065088757396,0.9987640380859375
296,416.png,0.935528120713306,0.8788659793814433,0.9605633802816902,0.9117647058823529,0.9992828369140625
297,1094.png,0.0,0.0,0.0,0.0,0.9940185546875
298,119.png,0.0,0.0,0.0,0.0,0.9980621337890625
299,2757.png,0.0,0.0,0.0,0.0,0.9928436279296875
300,3005.png,0.7217806041335453,0.5646766169154229,0.6666666666666666,0.7868284228769498,0.994659423828125
301,2450.png,0.6507018992568127,0.48225214198286415,0.48225214198286415,1.0,0.9806365966796875
302,431.png,0.9482758620689656,0.9016393442622951,0.9574468085106383,0.9392789373814042,0.999176025390625
303,1994.png,0.47683147812580895,0.3130523453433039,0.7617866004962779,0.34702336096458175,0.9691619873046875
304,2688.png,0.0,0.0,0.0,0.0,0.95404052734375
305,1339.png,0.3419203747072599,0.2062146892655367,0.21159420289855072,0.8902439024390244,0.9957122802734375
306,494.png,0.7576126674786845,0.6098039215686275,0.8735955056179775,0.6688172043010753,0.9969635009765625
307,1869.png,0.0,0.0,0.0,0.0,0.9922027587890625
308,71.png,0.0,0.0,0.0,0.0,0.9967803955078125
309,2657.png,0.2057877813504823,0.11469534050179211,0.11469534050179211,1.0,0.962310791015625
310,2165.png,0.47842024358519564,0.3144233758159776,0.6563919532770928,0.3763720930232558,0.9326934814453125
311,1854.png,0.013921113689095127,0.007009345794392523,0.007009345794392523,1.0,0.97406005859375
312,2243.png,0.8831478537360891,0.7907473309608541,0.8181148748159057,0.959412780656304,0.995513916015625
313,721.png,0.42063752875451865,0.2663337494798169,0.2663337494798169,1.0,0.9730987548828125
314,2674.png,0.7374050098508302,0.5840392331698618,0.5989940557841792,0.95900439238653,0.9857635498046875
315,1136.png,0.9082733812949642,0.8319604612850082,0.974903474903475,0.8501683501683501,0.998443603515625
316,2567.png,0.8394062078272605,0.7232558139534884,0.8162729658792651,0.8638888888888889,0.996368408203125
317,208.png,0.856307129798903,0.7487212276214834,0.7554838709677419,0.9881856540084388,0.9940032958984375
318,158.png,0.9319613607727846,0.8725914274478962,0.8976537216828478,0.9689956331877729,0.99505615234375
319,662.png,0.8647245457167579,0.7616869918699187,0.7683239364428498,0.9887862796833773,0.9928436279296875
320,2312.png,0.8767727702489758,0.7805836139169473,0.7805836139169473,1.0,0.9940338134765625
321,1398.png,0.9126838235294117,0.8393913778529163,0.9668938656280428,0.8642297650130548,0.997100830078125
322,145.png,0.9689016717598418,0.939679218967922,0.9725730783110791,0.9652578796561605,0.9973602294921875
323,1512.png,0.8961748633879781,0.8118811881188119,0.9507246376811594,0.8475452196382429,0.99884033203125
324,256.png,0.960857908847185,0.9246646026831785,0.9900552486187846,0.9333333333333333,0.9988861083984375
325,2989.png,0.4514386059705525,0.2915212840195394,0.3096164535853252,0.8330009970089731,0.9380340576171875
326,2762.png,0.3314269772632166,0.19862899180739008,0.21631463947560087,0.7084078711985689,0.9268646240234375
327,2575.png,0.0,0.0,0.0,0.0,0.970672607421875
328,2773.png,0.010058675607711651,0.005054759898904802,0.005054759898904802,1.0,0.9819793701171875
329,2855.png,0.5130742049469965,0.3450570342205323,0.7202380952380952,0.39846322722283206,0.9894866943359375
330,1791.png,0.8522167487684729,0.7424892703862661,1.0,0.7424892703862661,0.99908447265625
331,2751.png,0.8183716075156576,0.6925795053003534,1.0,0.6925795053003534,0.9986724853515625
332,2194.png,0.9446672012830795,0.8951367781155015,0.9075500770416025,0.9849498327759197,0.997894287109375
333,974.png,0.39263803680981596,0.24427480916030533,0.24427480916030533,1.0,0.9984893798828125
334,513.png,0.9471598414795244,0.8996235884567126,0.952191235059761,0.9421813403416557,0.99755859375
335,2882.png,0.6634100953710165,0.49634528367560043,0.5116612845353427,0.9431216931216931,0.9779205322265625
336,2222.png,0.0,0.0,0.0,0.0,0.9757843017578125
337,955.png,0.0,0.0,0.0,0.0,0.995819091796875
338,1400.png,0.8160136286201022,0.6892086330935252,0.6892086330935252,1.0,0.9967041015625
339,439.png,0.9520858164481525,0.9085532302092811,0.9366791744840526,0.968007755695589,0.9969329833984375
340,147.png,0.9278321281724089,0.8653795292250728,0.8734650293646556,0.9894163894768673,0.9922332763671875
341,502.png,0.8473655621944595,0.7351555136663525,0.7379375591296121,0.9948979591836735,0.9957122802734375
342,2294.png,0.4699927693420101,0.30718336483931946,0.9259259259259259,0.31492248062015504,0.9888153076171875
343,1377.png,0.8881578947368421,0.7988165680473372,0.9782608695652174,0.8132530120481928,0.999481201171875
344,1127.png,0.9055319148936171,0.8273716951788491,0.9962546816479401,0.8299531981279251,0.9983062744140625
345,764.png,0.6351056081573198,0.46531483457844186,0.46531483457844186,1.0,0.9923553466796875
346,250.png,0.9193109700815957,0.8506711409395973,0.9005328596802842,0.9388888888888889,0.9986419677734375
347,1467.png,0.0,0.0,0.0,0.0,0.9913330078125
348,1795.png,0.828978622327791,0.7079107505070994,0.7489270386266095,0.9281914893617021,0.997802734375
349,2595.png,0.0,0.0,0.0,0.0,0.9591217041015625
350,1808.png,0.746615087040619,0.595679012345679,1.0,0.595679012345679,0.996002197265625
351,1713.png,0.7158774373259054,0.5574837310195228,0.5611353711790393,0.9884615384615385,0.99688720703125
352,2118.png,0.46338028169014084,0.3015582034830431,1.0,0.3015582034830431,0.988372802734375
353,2599.png,0.7377777777777779,0.5845070422535211,1.0,0.5845070422535211,0.9927978515625
354,846.png,0.0,0.0,0.0,0.0,0.99554443359375
355,1980.png,0.7994389901823282,0.6658878504672897,0.7383419689119171,0.8715596330275229,0.9934539794921875
356,321.png,0.7393483709273184,0.5864811133200796,0.5923694779116466,0.9833333333333333,0.996826171875
357,942.png,0.8628352490421455,0.7587601078167115,1.0,0.7587601078167115,0.9972686767578125
358,2999.png,0.565569347004857,0.3942814145974417,0.4027671022290546,0.9492753623188406,0.9877166748046875
359,1422.png,0.834924965893588,0.7166276346604216,0.9935064935064936,0.72,0.9981536865234375
360,245.png,0.9475000000000001,0.9002375296912114,0.9334975369458128,0.9619289340101523,0.999359130859375
361,592.png,0.8321285140562249,0.7125171939477304,0.7125171939477304,1.0,0.9968109130859375
362,2005.png,0.0,0.0,0.0,0.0,0.9899139404296875
363,1872.png,0.9155534351145038,0.8442586889573251,0.849867139061116,0.9922440537745605,0.994598388671875
364,950.png,0.8561151079136691,0.7484276729559748,0.8292682926829268,0.8847583643122676,0.998779296875
365,266.png,0.9196556671449068,0.851261620185923,0.9953416149068323,0.8546666666666667,0.998291015625
366,1992.png,0.7602987231992291,0.613291877186164,0.9569436021831413,0.6306954436450839,0.9848175048828125
367,2019.png,0.8372508182088664,0.7200614124872057,0.7381951731374606,0.9670103092783505,0.9916534423828125
368,879.png,0.5949820788530465,0.42346938775510207,1.0,0.42346938775510207,0.989654541015625
369,121.png,0.9649890590809628,0.9323467230443975,0.9621818181818181,0.9678127286027798,0.99853515625
370,1313.png,0.9389473684210526,0.8849206349206349,0.9737991266375546,0.9065040650406504,0.999114990234375
371,218.png,0.833530106257379,0.7145748987854251,0.7415966386554622,0.9514824797843666,0.9978485107421875
372,40.png,0.9264339152119702,0.8629500580720093,0.9986559139784946,0.8639534883720931,0.998199462890625
373,47.png,0.9310734463276836,0.8710359408033826,0.944954128440367,0.9175946547884187,0.9972076416015625
374,2701.png,0.9153924566768604,0.8439849624060151,0.903420523138833,0.9276859504132231,0.9962005615234375
375,2919.png,0.776888444222111,0.6351738241308793,0.7405817835002384,0.8169384534455549,0.98638916015625
376,1874.png,0.8464954624444874,0.7338466688985604,0.7913357400722022,0.9099211290992113,0.9878692626953125
377,701.png,0.9513690232938292,0.9072486360093531,0.9517579721995094,0.9509803921568627,0.9981842041015625
378,2523.png,0.6008328375966686,0.429421768707483,0.9637404580152672,0.4364736387208297,0.9897613525390625
379,2678.png,0.0,0.0,0.0,0.0,0.9895782470703125
380,1799.png,0.7005649717514125,0.5391304347826087,0.5990338164251208,0.8435374149659864,0.99676513671875
381,961.png,0.3848396501457726,0.23826714801444043,0.8716981132075472,0.24692677712453234,0.9774627685546875
382,1914.png,0.22185430463576158,0.12476722532588454,0.1642156862745098,0.34183673469387754,0.98565673828125
383,1036.png,0.8684774839170838,0.7675300063171194,0.9060402684563759,0.8339052848318462,0.994384765625
384,866.png,0.2799686602246017,0.16276951108411783,0.16276951108411783,1.0,0.9579315185546875
385,364.png,0.7811203319502074,0.6408510638297872,0.6408510638297872,1.0,0.993560791015625
386,2969.png,0.5518716577540107,0.3810930576070901,0.38622754491017963,0.9662921348314607,0.987213134765625
387,3054.png,0.5086774386594854,0.34109149277688605,0.34200643776824036,0.9922178988326849,0.9624176025390625
388,2135.png,0.18897168405365125,0.1043449637919684,0.1047241493227618,0.9664634146341463,0.9584808349609375
389,251.png,0.5974683544303797,0.4259927797833935,0.43223443223443225,0.9672131147540983,0.9975738525390625
390,2965.png,0.0,0.0,0.0,0.0,0.965850830078125
391,60.png,0.9539058709364385,0.911873840445269,0.9979695431472081,0.9135687732342007,0.9985504150390625
392,1647.png,0.9423728813559322,0.8910256410256411,0.9129720853858785,0.9737302977232924,0.99896240234375
393,107.png,0.0,0.0,0.0,0.0,0.968292236328125
394,136.png,0.801418439716312,0.6686390532544378,0.6731198808637379,0.9901423877327492,0.9931640625
395,1641.png,0.9032258064516128,0.8235294117647058,0.9710982658959537,0.8442211055276382,0.99835205078125
396,2515.png,0.7169529499626587,0.5587892898719441,0.9504950495049505,0.5755395683453237,0.988433837890625
397,1706.png,0.9275603663613656,0.8649068322981367,1.0,0.8649068322981367,0.9986724853515625
398,781.png,0.6660019940179461,0.4992526158445441,0.5138461538461538,0.9461756373937678,0.989776611328125
399,2228.png,0.0,0.0,0.0,0.0,0.988555908203125
400,1681.png,0.8131049888309755,0.685069008782936,0.6991037131882202,0.9715302491103203,0.9961700439453125
401,396.png,0.8584935392373149,0.7520706791827719,0.8620253164556962,0.8549905838041432,0.9931488037109375
402,2611.png,0.0,0.0,0.0,0.0,0.9863739013671875
403,2666.png,0.7176178660049628,0.5595975232198143,0.6132315521628499,0.8648325358851675,0.9913177490234375
404,1887.png,0.3844621513944223,0.2379778051787916,0.9897435897435898,0.23856613102595797,0.98114013671875
405,263.png,0.9130434782608695,0.84,0.8429319371727748,0.9958762886597938,0.99859619140625
406,2448.png,0.8481084133258046,0.7362745098039216,0.7888655462184874,0.9169719169719169,0.991790771484375
407,871.png,0.8778026905829597,0.7822177822177823,0.9714640198511166,0.8006134969325154,0.996673583984375
408,2673.png,0.7135054617676266,0.554612118873022,0.5677597787435796,0.9599198396793587,0.982391357421875
409,1941.png,0.9304451510333862,0.8699368264585656,0.9902707275803723,0.8774362818590704,0.994659423828125
410,1101.png,0.0,0.0,0.0,0.0,0.9964599609375
411,1570.png,0.0,0.0,0.0,0.0,0.9960479736328125
412,2249.png,0.0,0.0,0.0,0.0,0.987152099609375
413,1452.png,0.9233753637245393,0.8576576576576577,0.9616161616161616,0.8880597014925373,0.9987945556640625
414,2970.png,0.0,0.0,0.0,0.0,0.9824371337890625
415,2896.png,0.9018743109151047,0.821285140562249,0.9891172914147521,0.828774062816616,0.997283935546875
416,2796.png,0.5562435500515996,0.38527519656897785,0.38527519656897785,1.0,0.96063232421875
417,385.png,0.9697732997481108,0.941320293398533,0.9771573604060914,0.9625,0.997802734375
418,2699.png,0.7820338323935447,0.6420817369093231,0.7588679245283019,0.8066586442037705,0.9828948974609375
419,2063.png,0.6943579093111802,0.531813361611877,0.960727969348659,0.5436314363143632,0.9865264892578125
420,603.png,0.9405940594059405,0.8878504672897196,0.976027397260274,0.9076433121019108,0.9989013671875
421,766.png,0.8233486943164363,0.6997389033942559,0.6997389033942559,1.0,0.9947357177734375
422,2078.png,0.0031323414252153485,0.001568627450980392,0.0021164021164021165,0.006024096385542169,0.961151123046875
423,2952.png,0.6818369880016549,0.517263025737602,0.5275288092189501,0.9637426900584796,0.9882659912109375
424,1702.png,0.8492201039861352,0.7379518072289156,0.9959349593495935,0.7401812688821753,0.9986724853515625
425,2781.png,0.1055594651653765,0.05572065378900446,0.11885895404120443,0.0949367088607595,0.9806060791015625
426,1853.png,0.05393000573723465,0.027712264150943397,0.040068201193520885,0.0824561403508772,0.9748382568359375
427,1496.png,0.8098547062539483,0.6804670912951167,0.7242937853107345,0.9183381088825215,0.9954071044921875
428,1294.png,0.9245283018867924,0.8596491228070176,0.8932291666666666,0.9581005586592178,0.9991455078125
429,1694.png,0.8791032826261008,0.7842857142857143,1.0,0.7842857142857143,0.9976959228515625
430,1299.png,0.9685534591194969,0.9390243902439024,0.9595015576323987,0.9777777777777777,0.99969482421875
431,1759.png,0.0,0.0,0.0,0.0,0.99639892578125
432,1291.png,0.8545176110260337,0.7459893048128342,0.9789473684210527,0.7581521739130435,0.9985504150390625
433,2481.png,0.760859625057156,0.6140221402214022,0.9348314606741573,0.6414803392444102,0.9920196533203125
434,1625.png,0.9421606118546845,0.8906461816538636,0.935453251067869,0.9489648531535869,0.996307373046875
435,2034.png,0.9337251061051257,0.8756889161053276,0.9841706813489333,0.8881987577639752,0.9969024658203125
436,2789.png,0.5467068445975032,0.37618483412322273,0.37651941891491253,0.997643362136685,0.967864990234375
437,1521.png,0.0,0.0,0.0,0.0,0.997406005859375
438,2917.png,0.0,0.0,0.0,0.0,0.9929351806640625
439,2839.png,0.0,0.0,0.0,0.0,0.970001220703125
440,2024.png,0.0,0.0,0.0,0.0,0.995025634765625
441,1223.png,0.0,0.0,0.0,0.0,0.9929962158203125
442,2003.png,0.7897403419886004,0.652537938252224,0.9354838709677419,0.6832876712328767,0.9898681640625
443,980.png,0.0,0.0,0.0,0.0,0.9941558837890625
444,2805.png,0.0,0.0,0.0,0.0,0.979736328125
445,2598.png,0.5441452723857232,0.37376344086021507,0.8244781783681214,0.40607476635514017,0.977783203125
446,1458.png,0.9603429796355841,0.9237113402061856,0.9803063457330415,0.9411764705882353,0.9994354248046875
447,2465.png,0.6241308793456033,0.4536266349583829,0.6079681274900398,0.6411764705882353,0.9859771728515625
448,2475.png,0.0,0.0,0.0,0.0,0.987579345703125
449,693.png,0.6180811808118081,0.4472630173564753,0.9970238095238095,0.44786096256684493,0.993682861328125
450,225.png,0.9692307692307692,0.9402985074626866,0.9837837837837838,0.9551020408163265,0.9984130859375
451,2236.png,0.6756057398259233,0.5101243339253997,0.8492016558249557,0.5609375,0.9789581298828125
452,680.png,0.9130979213623841,0.8400921658986175,0.8498834498834499,0.9864718614718615,0.9947052001953125
453,2936.png,0.9324932493249325,0.8735244519392917,0.9487179487179487,0.9168141592920354,0.99542236328125
454,2984.png,0.8428475486903964,0.7283807312826466,0.8165256994144438,0.8709229701596114,0.99285888671875
455,1213.png,0.9078498293515358,0.83125,0.8471337579617835,0.9779411764705882,0.9979400634765625
456,923.png,0.3254750175932442,0.19436856482454298,0.9914255091103966,0.19469585350452537,0.941497802734375
457,677.png,0.9538799414348462,0.9118264520643807,0.950401167031364,0.9573842762674504,0.998077392578125
458,23.png,0.937007874015748,0.8814814814814815,0.9790575916230366,0.8984214138641043,0.997314453125
459,2396.png,0.0,0.0,0.0,0.0,0.95849609375
460,2027.png,0.0,0.0,0.0,0.0,0.9890899658203125
461,3031.png,0.7565674255691768,0.6084507042253521,0.6084507042253521,1.0,0.97454833984375
462,2819.png,0.9186155285313378,0.8494809688581315,0.9879275653923542,0.8583916083916084,0.9986724853515625
463,892.png,0.2163265306122449,0.12128146453089245,0.12155963302752294,0.9814814814814815,0.994140625
464,2389.png,0.38495332235035695,0.2383543012580755,0.24105914718019258,0.9550408719346049,0.9658203125
465,524.png,0.9770014556040756,0.9550369948776323,0.9812865497076023,0.9727536231884057,0.9987945556640625
466,197.png,0.0,0.0,0.0,0.0,0.9618988037109375
467,2354.png,0.686151985486797,0.5222460877569807,0.5357255272269437,0.9540358744394619,0.9762420654296875
468,1645.png,0.914798206278027,0.8429752066115702,0.8869565217391304,0.9444444444444444,0.99884033203125
469,2975.png,0.7912524850894632,0.6546052631578947,0.9754901960784313,0.6655518394648829,0.9983978271484375
470,2437.png,0.9179926560587515,0.8484162895927602,0.9088705768298594,0.9272997032640949,0.9948883056640625
471,53.png,0.8956521739130435,0.8110236220472441,0.9942084942084942,0.814873417721519,0.996337890625
472,113.png,0.9593301435406699,0.9218390804597701,0.9975124378109452,0.923963133640553,0.999481201171875
473,988.png,0.0,0.0,0.0,0.0,0.98443603515625
474,326.png,0.9037087444709084,0.824332712600869,0.8258706467661692,0.9977460555972952,0.9956817626953125
475,109.png,0.16153399186519465,0.08786346396965866,0.08786346396965866,1.0,0.9779815673828125
476,792.png,0.0,0.0,0.0,0.0,0.9728851318359375
477,2502.png,0.7270106658979533,0.5711050724637681,0.9177583697234353,0.601909307875895,0.9855499267578125
478,404.png,0.9297971918876755,0.8688046647230321,0.9197530864197531,0.9400630914826499,0.99725341796875
479,2319.png,0.0,0.0,0.0,0.0,0.967620849609375
480,1977.png,0.6367851622874806,0.4671201814058957,0.48470588235294115,0.9279279279279279,0.992828369140625
481,1434.png,0.22658610271903326,0.12776831345826234,0.7009345794392523,0.13513513513513514,0.984375
482,357.png,0.9322617680826636,0.8731182795698925,0.9290617848970252,0.9354838709677419,0.9990997314453125
483,2899.png,0.7875185735512631,0.6495098039215687,0.6708860759493671,0.9532374100719424,0.9978179931640625
484,902.png,0.3740145064648376,0.2300232738557021,0.2300232738557021,1.0,0.9697113037109375
485,2451.png,0.40254777070063696,0.25199362041467305,0.2988650693568726,0.6163849154746424,0.9785308837890625
486,1469.png,0.0,0.0,0.0,0.0,0.9972076416015625
487,2801.png,0.7624854819976772,0.6161426560300328,0.886563133018231,0.6688741721854304,0.987518310546875
488,2950.png,0.9236526946107784,0.8581363004172462,0.9178133134994422,0.9295668549905838,0.9937744140625
489,1065.png,0.8831168831168831,0.7906976744186046,0.7923728813559322,0.9973333333333333,0.9984893798828125
490,666.png,0.9499105545617175,0.9045996592844975,0.9943820224719101,0.9092465753424658,0.998291015625
491,824.png,0.18351063829787234,0.10102489019033675,0.10102489019033675,1.0,0.953155517578125
492,1375.png,0.7147766323024055,0.5561497326203209,1.0,0.5561497326203209,0.9962005615234375
493,2888.png,0.03919546157813306,0.019989479221462388,0.022183304144775248,0.168141592920354,0.9715728759765625
494,776.png,0.6538745387453874,0.4857456140350877,0.4857456140350877,1.0,0.985687255859375
495,2108.png,0.7727876694127026,0.6297098310957124,0.8759036144578313,0.6913932477413219,0.9869537353515625
496,1105.png,0.0,0.0,0.0,0.0,0.9727783203125
497,1501.png,0.9544131910766247,0.9128014842300557,0.967551622418879,0.9416267942583733,0.998565673828125
498,958.png,0.9233870967741935,0.8576779026217228,0.9956521739130435,0.8609022556390977,0.99884033203125
499,1830.png,0.8482758620689657,0.7365269461077845,0.7561475409836066,0.9659685863874345,0.99798583984375
500,2634.png,0.0,0.0,0.0,0.0,0.980072021484375
501,747.png,0.0,0.0,0.0,0.0,0.954833984375
502,2164.png,0.46690464048954616,0.3045502927088877,0.6095872170439414,0.37834710743801653,0.9202423095703125
503,1607.png,0.8628428927680799,0.7587719298245614,0.8277511961722488,0.9010416666666666,0.9991607666015625
504,277.png,0.9700787401574803,0.9418960244648318,0.9709962168978562,0.9691629955947136,0.9985504150390625
505,2439.png,0.7644002710639259,0.6186471663619744,0.6218302094818081,0.9917936694021102,0.9840850830078125
506,956.png,0.0667976424361493,0.034552845528455285,0.034552845528455285,1.0,0.9927520751953125
507,2357.png,0.34250070881769207,0.20663701676359905,0.20663701676359905,1.0,0.9646148681640625
508,122.png,0.955056179775281,0.9139784946236559,0.9992163009404389,0.9146341463414634,0.9981689453125
509,1849.png,0.0,0.0,0.0,0.0,0.9920806884765625
510,2269.png,0.0,0.0,0.0,0.0,0.9824066162109375
511,2928.png,0.78714859437751,0.6490066225165563,0.6818469323213157,0.9309153713298791,0.9911041259765625
512,359.png,0.9685966633954858,0.9391056137012369,0.9554695062923524,0.982089552238806,0.9990234375
513,2008.png,0.0,0.0,0.0,0.0,0.9652252197265625
514,2636.png,0.0,0.0,0.0,0.0,0.958587646484375
515,1800.png,0.8175824175824176,0.6914498141263941,0.6914498141263941,1.0,0.9987335205078125
516,2512.png,0.5932047750229568,0.4216710182767624,1.0,0.4216710182767624,0.986480712890625
517,1295.png,0.0,0.0,0.0,0.0,0.992706298828125
518,1670.png,0.9661538461538461,0.9345238095238095,0.9661538461538461,0.9661538461538461,0.999664306640625
519,3040.png,0.8010752688172043,0.6681614349775785,0.745,0.8662790697674418,0.998870849609375
520,149.png,0.9396204715353651,0.886117136659436,0.9118303571428571,0.9691577698695136,0.9951934814453125
521,2498.png,0.30188679245283023,0.17777777777777778,0.18144329896907216,0.8979591836734694,0.9937896728515625
522,2460.png,0.4810181190681622,0.3166714001704061,0.3385970239902824,0.8302308265078183,0.963287353515625
523,964.png,0.9210836277974087,0.8537117903930131,0.8631346578366446,0.9873737373737373,0.9989776611328125
524,2744.png,0.48484848484848486,0.32,0.34782608695652173,0.8,0.989105224609375
525,2409.png,0.7918015102481123,0.6553571428571429,0.6577060931899642,0.994579945799458,0.9970550537109375
526,1954.png,0.8953068592057762,0.8104575163398693,0.8193832599118943,0.986737400530504,0.9986724853515625
527,1201.png,0.8841463414634145,0.7923497267759563,0.9602649006622517,0.8192090395480226,0.99884033203125
528,2830.png,0.8546255506607928,0.7461538461538462,0.9897959183673469,0.751937984496124,0.998992919921875
529,346.png,0.802745995423341,0.6704892966360856,0.6793183578621224,0.9809843400447428,0.9934234619140625
530,123.png,0.919908466819222,0.8516949152542372,0.9816849816849816,0.8654467168998924,0.99786376953125
531,610.png,0.9373000639795265,0.8819987959060807,0.896298562251453,0.9822326516929266,0.9940185546875
532,386.png,0.826890756302521,0.7048710601719198,0.7127483443708609,0.9845626072041166,0.9889984130859375
533,205.png,0.9128904531456226,0.839740995548361,0.9234534935469515,0.9025663331883428,0.99395751953125
534,1360.png,0.0,0.0,0.0,0.0,0.9910888671875
535,1764.png,0.0,0.0,0.0,0.0,0.9980621337890625
536,2994.png,0.0,0.0,0.0,0.0,0.9781036376953125
537,2837.png,0.0,0.0,0.0,0.0,0.9915924072265625
538,2185.png,0.0,0.0,0.0,0.0,0.989654541015625
539,3011.png,0.19195046439628483,0.10616438356164383,0.11654135338345864,0.543859649122807,0.9960174560546875
540,1530.png,0.43254817987152033,0.27595628415300544,0.2801664355062413,0.9483568075117371,0.991912841796875
541,998.png,0.9230769230769231,0.8571428571428571,0.8616187989556136,0.9939759036144579,0.9991607666015625
542,59.png,0.9150650960942344,0.8434285714285714,0.9932705248990579,0.8482758620689655,0.9979095458984375
543,1648.png,0.0,0.0,0.0,0.0,0.9910125732421875
544,616.png,0.14428412874583796,0.07775119617224881,0.07775119617224881,1.0,0.9882354736328125
545,1407.png,0.6570680628272253,0.48927875243664715,0.916058394160584,0.5122448979591837,0.996002197265625
546,2991.png,0.7974748336461356,0.66316685584563,0.7397910731244065,0.8649148778682457,0.9818878173828125
547,66.png,0.8549193996664813,0.7466019417475728,0.7887179487179488,0.933252427184466,0.9960174560546875
548,527.png,0.8853893263342082,0.7943485086342229,1.0,0.7943485086342229,0.9980010986328125
549,1124.png,0.6614349775784754,0.49413735343383586,0.49413735343383586,1.0,0.995391845703125
550,259.png,0.9488817891373802,0.9027355623100304,0.9068702290076336,0.9949748743718593,0.9990234375
551,2914.png,0.0,0.0,0.0,0.0,0.9983062744140625
552,463.png,0.9065934065934066,0.8291457286432161,0.9401709401709402,0.8753315649867374,0.99896240234375
553,3001.png,0.0,0.0,0.0,0.0,0.96820068359375
554,423.png,0.963499245852187,0.929569266589057,0.9678787878787879,0.9591591591591592,0.9981536865234375
555,1263.png,0.9583333333333334,0.92,0.9954441913439636,0.9238900634249472,0.999420166015625
556,2561.png,0.7796610169491526,0.6388888888888888,0.7714884696016772,0.7880085653104925,0.984130859375
557,899.png,0.6795434591747147,0.5146276595744681,0.5342843994477681,0.9332797427652733,0.9832916259765625
558,1899.png,0.0,0.0,0.0,0.0,0.997100830078125
559,843.png,0.8506329113924049,0.7400881057268722,0.7601809954751131,0.9655172413793104,0.998199462890625
560,2060.png,0.0,0.0,0.0,0.0,0.9918975830078125
561,1661.png,0.8900255754475703,0.8018433179723502,0.9206349206349206,0.8613861386138614,0.9993438720703125
562,2446.png,0.6602098466505246,0.4927710843373494,0.4927710843373494,1.0,0.97430419921875
563,162.png,0.9336099585062242,0.8754863813229572,0.9882869692532943,0.8846657929226737,0.99853515625
564,2012.png,0.5973645680819911,0.42588726513569936,0.8143712574850299,0.47167630057803467,0.98321533203125
565,1610.png,0.7177700348432056,0.5597826086956522,1.0,0.5597826086956522,0.99505615234375
566,216.png,0.9265734265734267,0.8631921824104235,0.9388839681133747,0.91458153580673,0.9974365234375
567,2358.png,0.0,0.0,0.0,0.0,0.9589996337890625
568,1301.png,0.920152091254753,0.852112676056338,0.9958847736625515,0.8551236749116607,0.999359130859375
569,2605.png,0.5383986928104575,0.3683622135271101,0.7497155858930603,0.420012746972594,0.96551513671875
570,823.png,0.6228287841191067,0.45225225225225224,0.455535390199637,0.984313725490196,0.995361328125
571,2618.png,0.0,0.0,0.0,0.0,0.9712677001953125
572,3006.png,0.7698452321517723,0.6258116883116883,0.6377171215880894,0.9710327455919395,0.9929656982421875
573,2637.png,0.0,0.0,0.0,0.0,0.96258544921875
574,745.png,0.8980002877283844,0.8148825065274151,0.8633471645919779,0.9355515587529976,0.9891815185546875
575,2504.png,0.9074698795180722,0.8306131451257168,0.8562983174170077,0.96514607893388,0.994140625
576,1385.png,0.91796875,0.8483754512635379,0.8969465648854962,0.94,0.999359130859375
577,2827.png,0.9148936170212765,0.8431372549019608,0.9626865671641791,0.8716216216216216,0.9989013671875
578,2654.png,0.8015873015873015,0.6688741721854304,0.6688741721854304,1.0,0.991607666015625
579,1157.png,0.9495412844036697,0.9039301310043668,0.9642857142857143,0.9352409638554217,0.998992919921875
580,1142.png,0.9368131868131868,0.8811369509043928,0.963276836158192,0.9117647058823529,0.999298095703125
581,3063.png,0.0,0.0,0.0,0.0,0.993255615234375
582,2588.png,0.0,0.0,0.0,0.0,0.993743896484375
583,893.png,0.9283489096573208,0.8662790697674418,0.9955456570155902,0.8696498054474708,0.9989471435546875
584,733.png,0.31569664902998235,0.187434554973822,0.1896186440677966,0.9421052631578948,0.9881591796875
585,1358.png,0.970860927152318,0.9433719433719434,0.9938983050847457,0.9488673139158577,0.9986572265625
586,1786.png,0.0,0.0,0.0,0.0,0.998138427734375
587,2170.png,0.1364522417153996,0.07322175732217573,0.07322175732217573,1.0,0.9932403564453125
588,1923.png,0.0,0.0,0.0,0.0,0.9677734375
589,1912.png,0.09267840593141796,0.04859086491739553,0.05109862033725089,0.4975124378109453,0.970123291015625
590,3027.png,0.8959537572254336,0.8115183246073299,0.8990719257540604,0.8928571428571429,0.99725341796875
591,2933.png,0.630922693266833,0.46083788706739526,0.4791666666666667,0.9233576642335767,0.9954833984375
592,2579.png,0.0,0.0,0.0,0.0,0.9918670654296875
593,2549.png,0.0,0.0,0.0,0.0,0.9792022705078125
594,293.png,0.9550898203592816,0.9140401146131805,0.9953198127925117,0.9179856115107914,0.9981689453125
595,2049.png,0.8377088305489261,0.7207392197125256,0.8673805601317958,0.81,0.9937744140625
596,1612.png,0.8721461187214612,0.7732793522267206,0.9062870699881376,0.8404840484048405,0.99658203125
597,2286.png,0.0,0.0,0.0,0.0,0.996246337890625
598,1107.png,0.45985401459854014,0.2985781990521327,0.2985781990521327,1.0,0.9954833984375
599,1072.png,0.0,0.0,0.0,0.0,0.9947967529296875
600,2959.png,0.9147232857640097,0.8428479794740218,0.8860418071476737,0.9453237410071943,0.9962615966796875
601,2376.png,0.7129445234708393,0.5539345711759505,0.589924670433145,0.9007907979870596,0.9846038818359375
602,656.png,0.8931332423829013,0.8069022185702547,0.9989827060020345,0.8075657894736842,0.9964141845703125
603,2811.png,0.8550124275062138,0.7467438494934877,0.7718773373223635,0.958217270194986,0.994659423828125
604,2685.png,0.7946210268948656,0.6592292089249493,0.6592292089249493,1.0,0.9974365234375
605,1698.png,0.7328244274809161,0.5783132530120482,0.6075949367088608,0.9230769230769231,0.9983978271484375
606,2219.png,0.45673227116526083,0.2959514170040486,0.2959514170040486,1.0,0.9734649658203125
607,1970.png,0.0,0.0,0.0,0.0,0.9691314697265625
608,2644.png,0.0,0.0,0.0,0.0,0.9941253662109375
609,725.png,0.8352272727272727,0.7170731707317073,0.8891129032258065,0.7875,0.99468994140625
610,2949.png,0.9258532757944292,0.8619430241051863,0.9424920127795527,0.9097918272937549,0.994232177734375
611,352.png,0.9374379344587884,0.8822429906542056,0.9853862212943633,0.8939393939393939,0.9990386962890625
